expression,solution,cell,time,intensity
GcG-NIT1,cGMP,A,0.2,1.000969109
GcG-NIT1,cGMP,A,0.4,1.005259939
GcG-NIT1,cGMP,A,0.6,1.005132247
GcG-NIT1,cGMP,A,0.8,1.007344835
GcG-NIT1,cGMP,A,1,1.00448829
GcG-NIT1,cGMP,A,1.2,0.999081251
GcG-NIT1,cGMP,A,1.4,0.994483093
GcG-NIT1,cGMP,A,1.6,0.996540352
GcG-NIT1,cGMP,A,1.8,0.995694367
GcG-NIT1,cGMP,A,2,0.991006518
GcG-NIT1,cGMP,A,2.2,1.008370713
GcG-NIT1,cGMP,A,2.4,1.005548331
GcG-NIT1,cGMP,A,2.6,1.010560782
GcG-NIT1,cGMP,A,2.8,1.021679502
GcG-NIT1,cGMP,A,3,1.030045443
GcG-NIT1,cGMP,A,3.2,1.033334704
GcG-NIT1,cGMP,A,3.4,1.032679359
GcG-NIT1,cGMP,A,3.6,1.027115969
GcG-NIT1,cGMP,A,3.8,1.049906268
GcG-NIT1,cGMP,A,4,1.055463901
GcG-NIT1,cGMP,A,4.2,1.124001513
GcG-NIT1,cGMP,A,4.4,1.052961002
GcG-NIT1,cGMP,A,4.6,1.068405737
GcG-NIT1,cGMP,A,4.8,1.08134156
GcG-NIT1,cGMP,A,5,1.073933814
GcG-NIT1,cGMP,A,5.2,1.087963968
GcG-NIT1,cGMP,A,5.4,1.083868001
GcG-NIT1,cGMP,A,5.6,1.088427904
GcG-NIT1,cGMP,A,5.8,1.085344126
GcG-NIT1,cGMP,A,6,1.091550322
GcG-NIT1,cGMP,A,6.2,1.088492389
GcG-NIT1,cGMP,A,6.4,1.106860457
GcG-NIT1,cGMP,A,6.6,1.103659223
GcG-NIT1,cGMP,A,6.8,1.100878296
GcG-NIT1,cGMP,A,7,1.101662995
GcG-NIT1,cGMP,A,7.2,1.11773966
GcG-NIT1,cGMP,A,7.4,1.114522817
GcG-NIT1,cGMP,A,7.6,1.124412095
GcG-NIT1,cGMP,A,7.8,1.117539551
GcG-NIT1,cGMP,A,8,1.123076968
GcG-NIT1,cGMP,A,8.2,1.123365489
GcG-NIT1,cGMP,A,8.4,1.123654009
GcG-NIT1,cGMP,A,8.6,1.127790919
GcG-NIT1,cGMP,A,8.8,1.130207197
GcG-NIT1,cGMP,A,9,1.136032623
GcG-NIT1,cGMP,A,9.2,1.135145567
GcG-NIT1,cGMP,A,9.4,1.136044778
GcG-NIT1,cGMP,A,9.6,1.148944392
GcG-NIT1,cGMP,A,9.8,1.252480492
GcG-NIT1,cGMP,A,10,1.168748281
GcG-NIT1,cGMP,B,0.2,1.003425475
GcG-NIT1,cGMP,B,0.4,0.998904977
GcG-NIT1,cGMP,B,0.6,0.997836875
GcG-NIT1,cGMP,B,0.8,1.005536769
GcG-NIT1,cGMP,B,1,0.999299746
GcG-NIT1,cGMP,B,1.2,0.999328829
GcG-NIT1,cGMP,B,1.4,0.992752042
GcG-NIT1,cGMP,B,1.6,0.995463077
GcG-NIT1,cGMP,B,1.8,1.006170397
GcG-NIT1,cGMP,B,2,1.001281811
GcG-NIT1,cGMP,B,2.2,1.006327698
GcG-NIT1,cGMP,B,2.4,1.007959377
GcG-NIT1,cGMP,B,2.6,1.015624497
GcG-NIT1,cGMP,B,2.8,1.016112205
GcG-NIT1,cGMP,B,3,1.022435086
GcG-NIT1,cGMP,B,3.2,1.036667889
GcG-NIT1,cGMP,B,3.4,1.045047817
GcG-NIT1,cGMP,B,3.6,1.050915107
GcG-NIT1,cGMP,B,3.8,1.067632098
GcG-NIT1,cGMP,B,4,1.065279416
GcG-NIT1,cGMP,B,4.2,1.069537156
GcG-NIT1,cGMP,B,4.4,1.080577287
GcG-NIT1,cGMP,B,4.6,1.079438627
GcG-NIT1,cGMP,B,4.8,1.112115315
GcG-NIT1,cGMP,B,5,1.088312333
GcG-NIT1,cGMP,B,5.2,1.107430815
GcG-NIT1,cGMP,B,5.4,1.10696612
GcG-NIT1,cGMP,B,5.6,1.112210024
GcG-NIT1,cGMP,B,5.8,1.108730316
GcG-NIT1,cGMP,B,6,1.104567032
GcG-NIT1,cGMP,B,6.2,1.112988688
GcG-NIT1,cGMP,B,6.4,1.117560018
GcG-NIT1,cGMP,B,6.6,1.12702006
GcG-NIT1,cGMP,B,6.8,1.140969242
GcG-NIT1,cGMP,B,7,1.141331135
GcG-NIT1,cGMP,B,7.2,1.142508108
GcG-NIT1,cGMP,B,7.4,1.127814404
GcG-NIT1,cGMP,B,7.6,1.136919761
GcG-NIT1,cGMP,B,7.8,1.147045929
GcG-NIT1,cGMP,B,8,1.145356717
GcG-NIT1,cGMP,B,8.2,1.155095577
GcG-NIT1,cGMP,B,8.4,1.148187371
GcG-NIT1,cGMP,B,8.6,1.156463739
GcG-NIT1,cGMP,B,8.8,1.140565748
GcG-NIT1,cGMP,B,9,1.150016687
GcG-NIT1,cGMP,B,9.2,1.154752525
GcG-NIT1,cGMP,B,9.4,1.207747301
GcG-NIT1,cGMP,B,9.6,1.216314751
GcG-NIT1,cGMP,B,9.8,1.172335049
GcG-NIT1,cGMP,B,10,1.188983505
GcG-NIT1,cGMP,C,0.2,1.010828285
GcG-NIT1,cGMP,C,0.4,1.008346349
GcG-NIT1,cGMP,C,0.6,0.998454261
GcG-NIT1,cGMP,C,0.8,1.003900653
GcG-NIT1,cGMP,C,1,1.010187151
GcG-NIT1,cGMP,C,1.2,0.986439892
GcG-NIT1,cGMP,C,1.4,0.990203343
GcG-NIT1,cGMP,C,1.6,0.993182946
GcG-NIT1,cGMP,C,1.8,1.005759894
GcG-NIT1,cGMP,C,2,0.992697227
GcG-NIT1,cGMP,C,2.2,0.963692105
GcG-NIT1,cGMP,C,2.4,0.974393255
GcG-NIT1,cGMP,C,2.6,0.990755386
GcG-NIT1,cGMP,C,2.8,1.005161565
GcG-NIT1,cGMP,C,3,1.002588092
GcG-NIT1,cGMP,C,3.2,1.012682634
GcG-NIT1,cGMP,C,3.4,1.014656085
GcG-NIT1,cGMP,C,3.6,1.038862533
GcG-NIT1,cGMP,C,3.8,1.031698862
GcG-NIT1,cGMP,C,4,1.047395023
GcG-NIT1,cGMP,C,4.2,1.051162331
GcG-NIT1,cGMP,C,4.4,1.055242915
GcG-NIT1,cGMP,C,4.6,1.048254321
GcG-NIT1,cGMP,C,4.8,1.064693407
GcG-NIT1,cGMP,C,5,1.071969782
GcG-NIT1,cGMP,C,5.2,1.085811124
GcG-NIT1,cGMP,C,5.4,1.088666639
GcG-NIT1,cGMP,C,5.6,1.091711719
GcG-NIT1,cGMP,C,5.8,1.07062373
GcG-NIT1,cGMP,C,6,1.088911239
GcG-NIT1,cGMP,C,6.2,1.105734723
GcG-NIT1,cGMP,C,6.4,1.096122042
GcG-NIT1,cGMP,C,6.6,1.10631847
GcG-NIT1,cGMP,C,6.8,1.114226007
GcG-NIT1,cGMP,C,7,1.104919076
GcG-NIT1,cGMP,C,7.2,1.12601572
GcG-NIT1,cGMP,C,7.4,1.125951653
GcG-NIT1,cGMP,C,7.6,1.129455829
GcG-NIT1,cGMP,C,7.8,1.136979156
GcG-NIT1,cGMP,C,8,1.126556662
GcG-NIT1,cGMP,C,8.2,1.123751948
GcG-NIT1,cGMP,C,8.4,1.144337378
GcG-NIT1,cGMP,C,8.6,1.151397376
GcG-NIT1,cGMP,C,8.8,1.135795763
GcG-NIT1,cGMP,C,9,1.084300625
GcG-NIT1,cGMP,C,9.2,1.126470487
GcG-NIT1,cGMP,C,9.4,1.15680642
GcG-NIT1,cGMP,C,9.6,1.153726908
GcG-NIT1,cGMP,C,9.8,1.158836599
GcG-NIT1,cGMP,C,10,1.165422168
GcG-NIT1,cGMP,D,0.2,1.010586955
GcG-NIT1,cGMP,D,0.4,1.015975378
GcG-NIT1,cGMP,D,0.6,1.004340891
GcG-NIT1,cGMP,D,0.8,1.016453277
GcG-NIT1,cGMP,D,1,0.989289945
GcG-NIT1,cGMP,D,1.2,0.989476076
GcG-NIT1,cGMP,D,1.4,1.002787116
GcG-NIT1,cGMP,D,1.6,0.9959962
GcG-NIT1,cGMP,D,1.8,0.987267789
GcG-NIT1,cGMP,D,2,0.987826372
GcG-NIT1,cGMP,D,2.2,1.045957616
GcG-NIT1,cGMP,D,2.4,1.088122176
GcG-NIT1,cGMP,D,2.6,1.128954936
GcG-NIT1,cGMP,D,2.8,1.173595545
GcG-NIT1,cGMP,D,3,1.207515748
GcG-NIT1,cGMP,D,3.2,1.260117563
GcG-NIT1,cGMP,D,3.4,1.282234572
GcG-NIT1,cGMP,D,3.6,1.362030259
GcG-NIT1,cGMP,D,3.8,1.400199703
GcG-NIT1,cGMP,D,4,1.397473981
GcG-NIT1,cGMP,D,4.2,1.401109524
GcG-NIT1,cGMP,D,4.4,1.436030365
GcG-NIT1,cGMP,D,4.6,1.431091194
GcG-NIT1,cGMP,D,4.8,1.442237224
GcG-NIT1,cGMP,D,5,1.449953871
GcG-NIT1,cGMP,D,5.2,1.465499145
GcG-NIT1,cGMP,D,5.4,1.471196997
GcG-NIT1,cGMP,D,5.6,1.485441817
GcG-NIT1,cGMP,D,5.8,1.494897374
GcG-NIT1,cGMP,D,6,1.519459181
GcG-NIT1,cGMP,D,6.2,1.514086147
GcG-NIT1,cGMP,D,6.4,1.526295268
GcG-NIT1,cGMP,D,6.6,1.542951788
GcG-NIT1,cGMP,D,6.8,1.483133243
GcG-NIT1,cGMP,D,7,1.56258915
GcG-NIT1,cGMP,D,7.2,1.561764795
GcG-NIT1,cGMP,D,7.4,1.573865912
GcG-NIT1,cGMP,D,7.6,1.582526613
GcG-NIT1,cGMP,D,7.8,1.588960798
GcG-NIT1,cGMP,D,8,1.597194454
GcG-NIT1,cGMP,D,8.2,1.606341056
GcG-NIT1,cGMP,D,8.4,1.61894654
GcG-NIT1,cGMP,D,8.6,1.617474633
GcG-NIT1,cGMP,D,8.8,1.639785349
GcG-NIT1,cGMP,D,9,1.645626338
GcG-NIT1,cGMP,D,9.2,1.658052273
GcG-NIT1,cGMP,D,9.4,1.664721359
GcG-NIT1,cGMP,D,9.6,1.675072959
GcG-NIT1,cGMP,D,9.8,1.696059687
GcG-NIT1,cGMP,D,10,1.711248514
GcG-NIT1,cGMP,E,0.2,0.997446588
GcG-NIT1,cGMP,E,0.4,1.002957721
GcG-NIT1,cGMP,E,0.6,0.994514218
GcG-NIT1,cGMP,E,0.8,1.000536599
GcG-NIT1,cGMP,E,1,1.005924284
GcG-NIT1,cGMP,E,1.2,1.006220661
GcG-NIT1,cGMP,E,1.4,0.99647471
GcG-NIT1,cGMP,E,1.6,0.998850791
GcG-NIT1,cGMP,E,1.8,0.993796156
GcG-NIT1,cGMP,E,2,1.003278271
GcG-NIT1,cGMP,E,2.2,1.018328232
GcG-NIT1,cGMP,E,2.4,1.02580936
GcG-NIT1,cGMP,E,2.6,1.031219255
GcG-NIT1,cGMP,E,2.8,1.040948885
GcG-NIT1,cGMP,E,3,1.057851178
GcG-NIT1,cGMP,E,3.2,1.059783985
GcG-NIT1,cGMP,E,3.4,1.049995885
GcG-NIT1,cGMP,E,3.6,1.029324154
GcG-NIT1,cGMP,E,3.8,1.112520984
GcG-NIT1,cGMP,E,4,1.085570267
GcG-NIT1,cGMP,E,4.2,1.077210543
GcG-NIT1,cGMP,E,4.4,1.09503327
GcG-NIT1,cGMP,E,4.6,1.089543108
GcG-NIT1,cGMP,E,4.8,1.099277387
GcG-NIT1,cGMP,E,5,1.10110441
GcG-NIT1,cGMP,E,5.2,1.100930344
GcG-NIT1,cGMP,E,5.4,1.152677594
GcG-NIT1,cGMP,E,5.6,1.10572982
GcG-NIT1,cGMP,E,5.8,1.104664762
GcG-NIT1,cGMP,E,6,1.098583291
GcG-NIT1,cGMP,E,6.2,1.103499706
GcG-NIT1,cGMP,E,6.4,1.101558635
GcG-NIT1,cGMP,E,6.6,1.104541417
GcG-NIT1,cGMP,E,6.8,1.1285765
GcG-NIT1,cGMP,E,7,1.153454125
GcG-NIT1,cGMP,E,7.2,1.111664393
GcG-NIT1,cGMP,E,7.4,1.122166732
GcG-NIT1,cGMP,E,7.6,1.116198998
GcG-NIT1,cGMP,E,7.8,1.122512281
GcG-NIT1,cGMP,E,8,1.117905054
GcG-NIT1,cGMP,E,8.2,1.127463923
GcG-NIT1,cGMP,E,8.4,1.121978409
GcG-NIT1,cGMP,E,8.6,1.127694083
GcG-NIT1,cGMP,E,8.8,1.130187413
GcG-NIT1,cGMP,E,9,1.139116648
GcG-NIT1,cGMP,E,9.2,1.138523274
GcG-NIT1,cGMP,E,9.4,1.136668668
GcG-NIT1,cGMP,E,9.6,1.13316658
GcG-NIT1,cGMP,E,9.8,1.137156156
GcG-NIT1,cGMP,E,10,1.130405693
GcG-NIT1,cGMP,F,0.2,1.003498998
GcG-NIT1,cGMP,F,0.4,0.998473014
GcG-NIT1,cGMP,F,0.6,1.005904691
GcG-NIT1,cGMP,F,0.8,1.009690691
GcG-NIT1,cGMP,F,1,0.998840437
GcG-NIT1,cGMP,F,1.2,0.99466836
GcG-NIT1,cGMP,F,1.4,0.993573673
GcG-NIT1,cGMP,F,1.6,1.001014356
GcG-NIT1,cGMP,F,1.8,1.000721452
GcG-NIT1,cGMP,F,2,0.993614328
GcG-NIT1,cGMP,F,2.2,1.008757296
GcG-NIT1,cGMP,F,2.4,1.031924591
GcG-NIT1,cGMP,F,2.6,1.050477966
GcG-NIT1,cGMP,F,2.8,1.087616267
GcG-NIT1,cGMP,F,3,1.12036066
GcG-NIT1,cGMP,F,3.2,1.138617686
GcG-NIT1,cGMP,F,3.4,1.158851164
GcG-NIT1,cGMP,F,3.6,1.198391024
GcG-NIT1,cGMP,F,3.8,1.209615887
GcG-NIT1,cGMP,F,4,1.223528913
GcG-NIT1,cGMP,F,4.2,1.225900793
GcG-NIT1,cGMP,F,4.4,1.230311879
GcG-NIT1,cGMP,F,4.6,1.24960133
GcG-NIT1,cGMP,F,4.8,1.265939441
GcG-NIT1,cGMP,F,5,1.283646097
GcG-NIT1,cGMP,F,5.2,1.282841016
GcG-NIT1,cGMP,F,5.4,1.296310478
GcG-NIT1,cGMP,F,5.6,1.312293177
GcG-NIT1,cGMP,F,5.8,1.314943146
GcG-NIT1,cGMP,F,6,1.330822091
GcG-NIT1,cGMP,F,6.2,1.352906757
GcG-NIT1,cGMP,F,6.4,1.362052004
GcG-NIT1,cGMP,F,6.6,1.37075354
GcG-NIT1,cGMP,F,6.8,1.383231822
GcG-NIT1,cGMP,F,7,1.396269433
GcG-NIT1,cGMP,F,7.2,1.413336188
GcG-NIT1,cGMP,F,7.4,1.418168198
GcG-NIT1,cGMP,F,7.6,1.431965756
GcG-NIT1,cGMP,F,7.8,1.442592456
GcG-NIT1,cGMP,F,8,1.437382196
GcG-NIT1,cGMP,F,8.2,1.456347045
GcG-NIT1,cGMP,F,8.4,1.455858199
GcG-NIT1,cGMP,F,8.6,1.462678473
GcG-NIT1,cGMP,F,8.8,1.466596479
GcG-NIT1,cGMP,F,9,1.474538216
GcG-NIT1,cGMP,F,9.2,1.481546163
GcG-NIT1,cGMP,F,9.4,1.490274523
GcG-NIT1,cGMP,F,9.6,1.50671255
GcG-NIT1,cGMP,F,9.8,1.511523445
GcG-NIT1,cGMP,F,10,1.513466083
GcG-NIT1,DMSO,A,0.2,1.006974303
GcG-NIT1,DMSO,A,0.4,1.005942624
GcG-NIT1,DMSO,A,0.6,1.004127361
GcG-NIT1,DMSO,A,0.8,1.004778332
GcG-NIT1,DMSO,A,1,0.995596483
GcG-NIT1,DMSO,A,1.2,0.993941539
GcG-NIT1,DMSO,A,1.4,0.999027901
GcG-NIT1,DMSO,A,1.6,0.996474393
GcG-NIT1,DMSO,A,1.8,0.999194768
GcG-NIT1,DMSO,A,2,0.993942295
GcG-NIT1,DMSO,A,2.2,0.986578731
GcG-NIT1,DMSO,A,2.4,0.989474411
GcG-NIT1,DMSO,A,2.6,0.992995245
GcG-NIT1,DMSO,A,2.8,0.983731411
GcG-NIT1,DMSO,A,3,0.991445081
GcG-NIT1,DMSO,A,3.2,0.996592271
GcG-NIT1,DMSO,A,3.4,0.996745033
GcG-NIT1,DMSO,A,3.6,0.993537658
GcG-NIT1,DMSO,A,3.8,0.991499738
GcG-NIT1,DMSO,A,4,0.997952395
GcG-NIT1,DMSO,A,4.2,1.001248557
GcG-NIT1,DMSO,A,4.4,0.997706314
GcG-NIT1,DMSO,A,4.6,0.999923191
GcG-NIT1,DMSO,A,4.8,0.989829681
GcG-NIT1,DMSO,A,5,0.99054022
GcG-NIT1,DMSO,A,5.2,0.993911188
GcG-NIT1,DMSO,A,5.4,0.991212222
GcG-NIT1,DMSO,A,5.6,0.991924399
GcG-NIT1,DMSO,A,5.8,0.99157127
GcG-NIT1,DMSO,A,6,0.988093633
GcG-NIT1,DMSO,A,6.2,0.991331863
GcG-NIT1,DMSO,A,6.4,0.989246842
GcG-NIT1,DMSO,A,6.6,0.989142188
GcG-NIT1,DMSO,A,6.8,0.993823536
GcG-NIT1,DMSO,A,7,0.995672927
GcG-NIT1,DMSO,A,7.2,0.995164644
GcG-NIT1,DMSO,A,7.4,0.996984062
GcG-NIT1,DMSO,A,7.6,0.997164908
GcG-NIT1,DMSO,A,7.8,1.000994541
GcG-NIT1,DMSO,A,8,0.999830627
GcG-NIT1,DMSO,A,8.2,0.998220894
GcG-NIT1,DMSO,A,8.4,0.997913733
GcG-NIT1,DMSO,A,8.6,1.005938594
GcG-NIT1,DMSO,A,8.8,1.002472543
GcG-NIT1,DMSO,A,9,1.007797053
GcG-NIT1,DMSO,A,9.2,1.00503197
GcG-NIT1,DMSO,A,9.4,1.018389905
GcG-NIT1,DMSO,A,9.6,1.006702782
GcG-NIT1,DMSO,A,9.8,1.012404853
GcG-NIT1,DMSO,A,10,1.012835307
GcG-NIT1,DMSO,B,0.2,1.007555768
GcG-NIT1,DMSO,B,0.4,0.993655026
GcG-NIT1,DMSO,B,0.6,0.996583657
GcG-NIT1,DMSO,B,0.8,0.974722601
GcG-NIT1,DMSO,B,1,1.005670147
GcG-NIT1,DMSO,B,1.2,1.022838013
GcG-NIT1,DMSO,B,1.4,0.996627795
GcG-NIT1,DMSO,B,1.6,1.006469187
GcG-NIT1,DMSO,B,1.8,1.00663524
GcG-NIT1,DMSO,B,2,0.989242564
GcG-NIT1,DMSO,B,2.2,0.999630795
GcG-NIT1,DMSO,B,2.4,0.999891938
GcG-NIT1,DMSO,B,2.6,0.97870219
GcG-NIT1,DMSO,B,2.8,1.002298993
GcG-NIT1,DMSO,B,3,0.983742387
GcG-NIT1,DMSO,B,3.2,0.996135882
GcG-NIT1,DMSO,B,3.4,0.995403973
GcG-NIT1,DMSO,B,3.6,0.980114064
GcG-NIT1,DMSO,B,3.8,0.993950231
GcG-NIT1,DMSO,B,4,1.013830433
GcG-NIT1,DMSO,B,4.2,0.995231675
GcG-NIT1,DMSO,B,4.4,1.012020884
GcG-NIT1,DMSO,B,4.6,0.980090788
GcG-NIT1,DMSO,B,4.8,1.004988622
GcG-NIT1,DMSO,B,5,0.979140881
GcG-NIT1,DMSO,B,5.2,0.995582657
GcG-NIT1,DMSO,B,5.4,0.987680108
GcG-NIT1,DMSO,B,5.6,0.983887151
GcG-NIT1,DMSO,B,5.8,0.983973158
GcG-NIT1,DMSO,B,6,0.98454384
GcG-NIT1,DMSO,B,6.2,0.979739381
GcG-NIT1,DMSO,B,6.4,0.995463155
GcG-NIT1,DMSO,B,6.6,0.986500849
GcG-NIT1,DMSO,B,6.8,0.998517674
GcG-NIT1,DMSO,B,7,0.995822652
GcG-NIT1,DMSO,B,7.2,0.990222559
GcG-NIT1,DMSO,B,7.4,0.987785416
GcG-NIT1,DMSO,B,7.6,0.991600797
GcG-NIT1,DMSO,B,7.8,0.973568322
GcG-NIT1,DMSO,B,8,0.990449924
GcG-NIT1,DMSO,B,8.2,0.995591456
GcG-NIT1,DMSO,B,8.4,0.980823549
GcG-NIT1,DMSO,B,8.6,1.005036025
GcG-NIT1,DMSO,B,8.8,0.990611577
GcG-NIT1,DMSO,B,9,0.995931793
GcG-NIT1,DMSO,B,9.2,0.999632214
GcG-NIT1,DMSO,B,9.4,0.998287755
GcG-NIT1,DMSO,B,9.6,0.990537634
GcG-NIT1,DMSO,B,9.8,0.999677773
GcG-NIT1,DMSO,B,10,0.998376316
GcG-NIT1,DMSO,C,0.2,1.013376847
GcG-NIT1,DMSO,C,0.4,1.009265971
GcG-NIT1,DMSO,C,0.6,1.004044989
GcG-NIT1,DMSO,C,0.8,0.997107974
GcG-NIT1,DMSO,C,1,1.006256593
GcG-NIT1,DMSO,C,1.2,0.9971613
GcG-NIT1,DMSO,C,1.4,0.992686944
GcG-NIT1,DMSO,C,1.6,0.991417785
GcG-NIT1,DMSO,C,1.8,0.99557251
GcG-NIT1,DMSO,C,2,0.993109089
GcG-NIT1,DMSO,C,2.2,1.005904334
GcG-NIT1,DMSO,C,2.4,1.006940523
GcG-NIT1,DMSO,C,2.6,1.00200818
GcG-NIT1,DMSO,C,2.8,1.010128944
GcG-NIT1,DMSO,C,3,0.999596506
GcG-NIT1,DMSO,C,3.2,1.009510433
GcG-NIT1,DMSO,C,3.4,1.003326144
GcG-NIT1,DMSO,C,3.6,1.00081517
GcG-NIT1,DMSO,C,3.8,0.999248712
GcG-NIT1,DMSO,C,4,1.002226606
GcG-NIT1,DMSO,C,4.2,0.989987285
GcG-NIT1,DMSO,C,4.4,0.993782778
GcG-NIT1,DMSO,C,4.6,0.992422163
GcG-NIT1,DMSO,C,4.8,1.008958703
GcG-NIT1,DMSO,C,5,1.003184412
GcG-NIT1,DMSO,C,5.2,1.014031798
GcG-NIT1,DMSO,C,5.4,1.020328296
GcG-NIT1,DMSO,C,5.6,1.014126141
GcG-NIT1,DMSO,C,5.8,0.99908029
GcG-NIT1,DMSO,C,6,0.999852353
GcG-NIT1,DMSO,C,6.2,1.007401941
GcG-NIT1,DMSO,C,6.4,1.011078689
GcG-NIT1,DMSO,C,6.6,1.013874869
GcG-NIT1,DMSO,C,6.8,1.011549421
GcG-NIT1,DMSO,C,7,1.01137626
GcG-NIT1,DMSO,C,7.2,1.000470373
GcG-NIT1,DMSO,C,7.4,1.00923977
GcG-NIT1,DMSO,C,7.6,1.010678332
GcG-NIT1,DMSO,C,7.8,1.004350023
GcG-NIT1,DMSO,C,8,1.007480651
GcG-NIT1,DMSO,C,8.2,1.009780988
GcG-NIT1,DMSO,C,8.4,1.013039839
GcG-NIT1,DMSO,C,8.6,1.005563458
GcG-NIT1,DMSO,C,8.8,1.004780447
GcG-NIT1,DMSO,C,9,1.007254163
GcG-NIT1,DMSO,C,9.2,1.007500859
GcG-NIT1,DMSO,C,9.4,1.018343888
GcG-NIT1,DMSO,C,9.6,1.011236435
GcG-NIT1,DMSO,C,9.8,1.003499959
GcG-NIT1,DMSO,C,10,1.005621088
GcG-NIT1,DMSO,D,0.2,0.99011386
GcG-NIT1,DMSO,D,0.4,1.001632249
GcG-NIT1,DMSO,D,0.6,1.022077725
GcG-NIT1,DMSO,D,0.8,0.993371429
GcG-NIT1,DMSO,D,1,0.99959892
GcG-NIT1,DMSO,D,1.2,0.989360391
GcG-NIT1,DMSO,D,1.4,1.011420982
GcG-NIT1,DMSO,D,1.6,1.001211207
GcG-NIT1,DMSO,D,1.8,0.996196997
GcG-NIT1,DMSO,D,2,0.99501624
GcG-NIT1,DMSO,D,2.2,0.991307933
GcG-NIT1,DMSO,D,2.4,0.99495897
GcG-NIT1,DMSO,D,2.6,0.986005368
GcG-NIT1,DMSO,D,2.8,1.020225752
GcG-NIT1,DMSO,D,3,1.002924482
GcG-NIT1,DMSO,D,3.2,0.995244496
GcG-NIT1,DMSO,D,3.4,0.981322996
GcG-NIT1,DMSO,D,3.6,0.995805414
GcG-NIT1,DMSO,D,3.8,0.997192745
GcG-NIT1,DMSO,D,4,0.989743253
GcG-NIT1,DMSO,D,4.2,0.990448997
GcG-NIT1,DMSO,D,4.4,0.994828992
GcG-NIT1,DMSO,D,4.6,0.995674612
GcG-NIT1,DMSO,D,4.8,0.994240499
GcG-NIT1,DMSO,D,5,0.985925944
GcG-NIT1,DMSO,D,5.2,0.988971519
GcG-NIT1,DMSO,D,5.4,0.987141582
GcG-NIT1,DMSO,D,5.6,0.981363061
GcG-NIT1,DMSO,D,5.8,0.992723309
GcG-NIT1,DMSO,D,6,0.98431189
GcG-NIT1,DMSO,D,6.2,0.979734041
GcG-NIT1,DMSO,D,6.4,0.982047123
GcG-NIT1,DMSO,D,6.6,0.985053339
GcG-NIT1,DMSO,D,6.8,0.983860562
GcG-NIT1,DMSO,D,7,0.986220898
GcG-NIT1,DMSO,D,7.2,0.984198881
GcG-NIT1,DMSO,D,7.4,0.985107428
GcG-NIT1,DMSO,D,7.6,0.984572787
GcG-NIT1,DMSO,D,7.8,0.988873948
GcG-NIT1,DMSO,D,8,0.994418555
GcG-NIT1,DMSO,D,8.2,0.986601639
GcG-NIT1,DMSO,D,8.4,0.992079667
GcG-NIT1,DMSO,D,8.6,0.988686111
GcG-NIT1,DMSO,D,8.8,0.987598919
GcG-NIT1,DMSO,D,9,0.987499462
GcG-NIT1,DMSO,D,9.2,0.995726108
GcG-NIT1,DMSO,D,9.4,0.989092069
GcG-NIT1,DMSO,D,9.6,0.992941431
GcG-NIT1,DMSO,D,9.8,0.997119095
GcG-NIT1,DMSO,D,10,0.992144008
GcG-NIT1,DMSO,E,0.2,0.991128197
GcG-NIT1,DMSO,E,0.4,0.99960757
GcG-NIT1,DMSO,E,0.6,1.012075595
GcG-NIT1,DMSO,E,0.8,1.012402133
GcG-NIT1,DMSO,E,1,0.990396638
GcG-NIT1,DMSO,E,1.2,1.004540567
GcG-NIT1,DMSO,E,1.4,0.991773332
GcG-NIT1,DMSO,E,1.6,1.00171372
GcG-NIT1,DMSO,E,1.8,0.99695497
GcG-NIT1,DMSO,E,2,0.999407279
GcG-NIT1,DMSO,E,2.2,0.997692368
GcG-NIT1,DMSO,E,2.4,1.008048286
GcG-NIT1,DMSO,E,2.6,0.993953292
GcG-NIT1,DMSO,E,2.8,0.99041077
GcG-NIT1,DMSO,E,3,1.00215471
GcG-NIT1,DMSO,E,3.2,0.996675497
GcG-NIT1,DMSO,E,3.4,0.995344934
GcG-NIT1,DMSO,E,3.6,1.009369156
GcG-NIT1,DMSO,E,3.8,1.004541735
GcG-NIT1,DMSO,E,4,0.996741832
GcG-NIT1,DMSO,E,4.2,0.99647614
GcG-NIT1,DMSO,E,4.4,0.986874437
GcG-NIT1,DMSO,E,4.6,0.993498287
GcG-NIT1,DMSO,E,4.8,1.000932643
GcG-NIT1,DMSO,E,5,0.983977517
GcG-NIT1,DMSO,E,5.2,0.993760942
GcG-NIT1,DMSO,E,5.4,0.995824231
GcG-NIT1,DMSO,E,5.6,0.989018426
GcG-NIT1,DMSO,E,5.8,0.99606423
GcG-NIT1,DMSO,E,6,1.000559857
GcG-NIT1,DMSO,E,6.2,0.992785064
GcG-NIT1,DMSO,E,6.4,1.001782741
GcG-NIT1,DMSO,E,6.6,0.997181655
GcG-NIT1,DMSO,E,6.8,0.982599656
GcG-NIT1,DMSO,E,7,0.996249455
GcG-NIT1,DMSO,E,7.2,0.98795741
GcG-NIT1,DMSO,E,7.4,0.979444051
GcG-NIT1,DMSO,E,7.6,0.980107873
GcG-NIT1,DMSO,E,7.8,0.985002914
GcG-NIT1,DMSO,E,8,0.972863646
GcG-NIT1,DMSO,E,8.2,0.979811816
GcG-NIT1,DMSO,E,8.4,0.973515322
GcG-NIT1,DMSO,E,8.6,0.977766395
GcG-NIT1,DMSO,E,8.8,0.985456634
GcG-NIT1,DMSO,E,9,0.975033095
GcG-NIT1,DMSO,E,9.2,0.967242536
GcG-NIT1,DMSO,E,9.4,0.986272396
GcG-NIT1,DMSO,E,9.6,0.972976347
GcG-NIT1,DMSO,E,9.8,0.982001702
GcG-NIT1,DMSO,E,10,0.988416385
GcG-NIT1,DMSO,F,0.2,1.019638427
GcG-NIT1,DMSO,F,0.4,1.002714409
GcG-NIT1,DMSO,F,0.6,1.000958596
GcG-NIT1,DMSO,F,0.8,0.998257049
GcG-NIT1,DMSO,F,1,0.989027085
GcG-NIT1,DMSO,F,1.2,1.00753117
GcG-NIT1,DMSO,F,1.4,1.004477582
GcG-NIT1,DMSO,F,1.6,0.983573355
GcG-NIT1,DMSO,F,1.8,0.992274323
GcG-NIT1,DMSO,F,2,1.001548004
GcG-NIT1,DMSO,F,2.2,1.007561596
GcG-NIT1,DMSO,F,2.4,0.981704405
GcG-NIT1,DMSO,F,2.6,0.983974385
GcG-NIT1,DMSO,F,2.8,1.007800061
GcG-NIT1,DMSO,F,3,0.988943166
GcG-NIT1,DMSO,F,3.2,1.001719357
GcG-NIT1,DMSO,F,3.4,0.966070803
GcG-NIT1,DMSO,F,3.6,0.973771007
GcG-NIT1,DMSO,F,3.8,1.002137632
GcG-NIT1,DMSO,F,4,0.997131945
GcG-NIT1,DMSO,F,4.2,0.986207788
GcG-NIT1,DMSO,F,4.4,0.982471097
GcG-NIT1,DMSO,F,4.6,0.994045185
GcG-NIT1,DMSO,F,4.8,0.989156698
GcG-NIT1,DMSO,F,5,0.981622024
GcG-NIT1,DMSO,F,5.2,0.98946678
GcG-NIT1,DMSO,F,5.4,0.982173537
GcG-NIT1,DMSO,F,5.6,1.001123248
GcG-NIT1,DMSO,F,5.8,0.989633519
GcG-NIT1,DMSO,F,6,0.993099341
GcG-NIT1,DMSO,F,6.2,1.00724042
GcG-NIT1,DMSO,F,6.4,0.980031412
GcG-NIT1,DMSO,F,6.6,0.998514517
GcG-NIT1,DMSO,F,6.8,1.005414967
GcG-NIT1,DMSO,F,7,0.985112671
GcG-NIT1,DMSO,F,7.2,1.008082134
GcG-NIT1,DMSO,F,7.4,0.997400397
GcG-NIT1,DMSO,F,7.6,0.987214923
GcG-NIT1,DMSO,F,7.8,0.993927655
GcG-NIT1,DMSO,F,8,1.002117641
GcG-NIT1,DMSO,F,8.2,1.007324558
GcG-NIT1,DMSO,F,8.4,0.987124194
GcG-NIT1,DMSO,F,8.6,0.98721053
GcG-NIT1,DMSO,F,8.8,0.984697141
GcG-NIT1,DMSO,F,9,1.007835101
GcG-NIT1,DMSO,F,9.2,0.999026927
GcG-NIT1,DMSO,F,9.4,0.999175872
GcG-NIT1,DMSO,F,9.6,1.010923179
GcG-NIT1,DMSO,F,9.8,0.989081456
GcG-NIT1,DMSO,F,10,0.990794871
GcG,SNAP,A,0.2,1.020390913
GcG,SNAP,A,0.4,1.00167249
GcG,SNAP,A,0.6,1.008234982
GcG,SNAP,A,0.8,0.994697028
GcG,SNAP,A,1,1.001207038
GcG,SNAP,A,1.2,1.00141753
GcG,SNAP,A,1.4,0.990598137
GcG,SNAP,A,1.6,0.996196655
GcG,SNAP,A,1.8,0.989581794
GcG,SNAP,A,2,0.996003432
GcG,SNAP,A,2.2,0.989350084
GcG,SNAP,A,2.4,0.980405479
GcG,SNAP,A,2.6,0.992315931
GcG,SNAP,A,2.8,0.979529878
GcG,SNAP,A,3,0.980747797
GcG,SNAP,A,3.2,0.981482543
GcG,SNAP,A,3.4,0.979969033
GcG,SNAP,A,3.6,0.97597804
GcG,SNAP,A,3.8,0.980099391
GcG,SNAP,A,4,0.972490309
GcG,SNAP,A,4.2,0.990630642
GcG,SNAP,A,4.4,0.98941611
GcG,SNAP,A,4.6,0.991872149
GcG,SNAP,A,4.8,0.972764457
GcG,SNAP,A,5,0.986740211
GcG,SNAP,A,5.2,0.98122826
GcG,SNAP,A,5.4,0.970761906
GcG,SNAP,A,5.6,0.990130653
GcG,SNAP,A,5.8,0.985800842
GcG,SNAP,A,6,0.984987768
GcG,SNAP,A,6.2,0.982120564
GcG,SNAP,A,6.4,0.976337174
GcG,SNAP,A,6.6,0.981242142
GcG,SNAP,A,6.8,0.996276789
GcG,SNAP,A,7,1.000368457
GcG,SNAP,A,7.2,1.010068123
GcG,SNAP,A,7.4,0.999900747
GcG,SNAP,A,7.6,1.002013115
GcG,SNAP,A,7.8,0.981116073
GcG,SNAP,A,8,0.98063956
GcG,SNAP,A,8.2,0.984532925
GcG,SNAP,A,8.4,0.98117036
GcG,SNAP,A,8.6,0.992745154
GcG,SNAP,A,8.8,0.987307467
GcG,SNAP,A,9,0.97590592
GcG,SNAP,A,9.2,0.991068555
GcG,SNAP,A,9.4,0.986041017
GcG,SNAP,A,9.6,0.995579739
GcG,SNAP,A,9.8,0.980866417
GcG,SNAP,A,10,0.990326924
GcG,SNAP,B,0.2,1.049001416
GcG,SNAP,B,0.4,1.002541934
GcG,SNAP,B,0.6,1.017888809
GcG,SNAP,B,0.8,0.991072963
GcG,SNAP,B,1,0.990258476
GcG,SNAP,B,1.2,0.99929833
GcG,SNAP,B,1.4,0.996892679
GcG,SNAP,B,1.6,0.974535542
GcG,SNAP,B,1.8,0.987103141
GcG,SNAP,B,2,0.99140671
GcG,SNAP,B,2.2,1.015331909
GcG,SNAP,B,2.4,1.025106492
GcG,SNAP,B,2.6,1.007905346
GcG,SNAP,B,2.8,1.016352724
GcG,SNAP,B,3,1.013860505
GcG,SNAP,B,3.2,0.993679106
GcG,SNAP,B,3.4,0.999244103
GcG,SNAP,B,3.6,0.992225453
GcG,SNAP,B,3.8,1.003924946
GcG,SNAP,B,4,0.996261052
GcG,SNAP,B,4.2,0.997469349
GcG,SNAP,B,4.4,0.982102534
GcG,SNAP,B,4.6,0.992000767
GcG,SNAP,B,4.8,0.987578532
GcG,SNAP,B,5,0.967120287
GcG,SNAP,B,5.2,0.980225285
GcG,SNAP,B,5.4,0.985375075
GcG,SNAP,B,5.6,0.99066347
GcG,SNAP,B,5.8,0.99932216
GcG,SNAP,B,6,1.002660113
GcG,SNAP,B,6.2,1.006320384
GcG,SNAP,B,6.4,1.004029143
GcG,SNAP,B,6.6,1.01063988
GcG,SNAP,B,6.8,1.000774231
GcG,SNAP,B,7,1.007668502
GcG,SNAP,B,7.2,1.001439901
GcG,SNAP,B,7.4,1.005084245
GcG,SNAP,B,7.6,1.017392141
GcG,SNAP,B,7.8,1.010982016
GcG,SNAP,B,8,1.023868893
GcG,SNAP,B,8.2,1.025350023
GcG,SNAP,B,8.4,1.021781062
GcG,SNAP,B,8.6,1.033279698
GcG,SNAP,B,8.8,1.009439487
GcG,SNAP,B,9,1.040073662
GcG,SNAP,B,9.2,1.043144375
GcG,SNAP,B,9.4,1.041778141
GcG,SNAP,B,9.6,1.017542661
GcG,SNAP,B,9.8,1.029849585
GcG,SNAP,B,10,1.023386936
GcG,SNAP,C,0.2,1.003597158
GcG,SNAP,C,0.4,1.011550631
GcG,SNAP,C,0.6,1.002893685
GcG,SNAP,C,0.8,1.002374616
GcG,SNAP,C,1,1.011510358
GcG,SNAP,C,1.2,0.989036968
GcG,SNAP,C,1.4,1.003666543
GcG,SNAP,C,1.6,0.997904146
GcG,SNAP,C,1.8,0.988020828
GcG,SNAP,C,2,0.989445066
GcG,SNAP,C,2.2,0.99332763
GcG,SNAP,C,2.4,0.985523322
GcG,SNAP,C,2.6,1.002999184
GcG,SNAP,C,2.8,0.982065162
GcG,SNAP,C,3,0.981823959
GcG,SNAP,C,3.2,0.978767549
GcG,SNAP,C,3.4,0.988809882
GcG,SNAP,C,3.6,0.982340401
GcG,SNAP,C,3.8,0.98435353
GcG,SNAP,C,4,0.980108395
GcG,SNAP,C,4.2,0.983479113
GcG,SNAP,C,4.4,0.97509073
GcG,SNAP,C,4.6,0.984116485
GcG,SNAP,C,4.8,0.976885856
GcG,SNAP,C,5,0.971548411
GcG,SNAP,C,5.2,0.97814331
GcG,SNAP,C,5.4,0.983949482
GcG,SNAP,C,5.6,0.986539901
GcG,SNAP,C,5.8,0.971209589
GcG,SNAP,C,6,0.976891438
GcG,SNAP,C,6.2,0.98429312
GcG,SNAP,C,6.4,0.990485611
GcG,SNAP,C,6.6,0.976835952
GcG,SNAP,C,6.8,0.996381413
GcG,SNAP,C,7,0.989047365
GcG,SNAP,C,7.2,0.989337597
GcG,SNAP,C,7.4,0.981679281
GcG,SNAP,C,7.6,0.981743412
GcG,SNAP,C,7.8,0.985832378
GcG,SNAP,C,8,0.978425553
GcG,SNAP,C,8.2,0.98692622
GcG,SNAP,C,8.4,0.977788509
GcG,SNAP,C,8.6,0.981058981
GcG,SNAP,C,8.8,1.001639515
GcG,SNAP,C,9,0.982893177
GcG,SNAP,C,9.2,0.98447446
GcG,SNAP,C,9.4,0.980348175
GcG,SNAP,C,9.6,1.006216141
GcG,SNAP,C,9.8,0.985748329
GcG,SNAP,C,10,0.994433182
GcG,SNAP,D,0.2,1.007551463
GcG,SNAP,D,0.4,1.011333606
GcG,SNAP,D,0.6,1.006384717
GcG,SNAP,D,0.8,0.998024819
GcG,SNAP,D,1,0.995753599
GcG,SNAP,D,1.2,0.9975931
GcG,SNAP,D,1.4,1.004618782
GcG,SNAP,D,1.6,0.988023277
GcG,SNAP,D,1.8,0.993308543
GcG,SNAP,D,2,0.997408095
GcG,SNAP,D,2.2,1.006158095
GcG,SNAP,D,2.4,1.007064087
GcG,SNAP,D,2.6,0.997908263
GcG,SNAP,D,2.8,0.995554929
GcG,SNAP,D,3,0.995630366
GcG,SNAP,D,3.2,1.003739495
GcG,SNAP,D,3.4,0.989206059
GcG,SNAP,D,3.6,0.982094083
GcG,SNAP,D,3.8,0.985249519
GcG,SNAP,D,4,0.980050921
GcG,SNAP,D,4.2,0.972140399
GcG,SNAP,D,4.4,0.977834672
GcG,SNAP,D,4.6,0.969390226
GcG,SNAP,D,4.8,0.978755577
GcG,SNAP,D,5,0.978577935
GcG,SNAP,D,5.2,0.970870575
GcG,SNAP,D,5.4,0.97117251
GcG,SNAP,D,5.6,0.968112478
GcG,SNAP,D,5.8,0.964193438
GcG,SNAP,D,6,0.963086343
GcG,SNAP,D,6.2,0.969455992
GcG,SNAP,D,6.4,0.96943484
GcG,SNAP,D,6.6,0.966890824
GcG,SNAP,D,6.8,0.967577493
GcG,SNAP,D,7,0.966206213
GcG,SNAP,D,7.2,0.972123739
GcG,SNAP,D,7.4,0.967033898
GcG,SNAP,D,7.6,0.972219018
GcG,SNAP,D,7.8,0.978786712
GcG,SNAP,D,8,0.97389423
GcG,SNAP,D,8.2,0.979263731
GcG,SNAP,D,8.4,0.980664462
GcG,SNAP,D,8.6,0.976598105
GcG,SNAP,D,8.8,0.971836031
GcG,SNAP,D,9,0.982036429
GcG,SNAP,D,9.2,0.985309481
GcG,SNAP,D,9.4,0.978937649
GcG,SNAP,D,9.6,0.983621603
GcG,SNAP,D,9.8,0.986833695
GcG,SNAP,D,10,0.990901799
GcG,SNAP,E,0.2,1.016969103
GcG,SNAP,E,0.4,1.010499317
GcG,SNAP,E,0.6,0.988733326
GcG,SNAP,E,0.8,0.99763135
GcG,SNAP,E,1,0.993696924
GcG,SNAP,E,1.2,1.002660614
GcG,SNAP,E,1.4,1.001895472
GcG,SNAP,E,1.6,1.008644477
GcG,SNAP,E,1.8,1.006635695
GcG,SNAP,E,2,0.972633721
GcG,SNAP,E,2.2,1.01053392
GcG,SNAP,E,2.4,1.007843705
GcG,SNAP,E,2.6,0.999745539
GcG,SNAP,E,2.8,1.010508453
GcG,SNAP,E,3,1.004949872
GcG,SNAP,E,3.2,1.005876835
GcG,SNAP,E,3.4,1.023086466
GcG,SNAP,E,3.6,1.013400003
GcG,SNAP,E,3.8,0.994020225
GcG,SNAP,E,4,0.975057734
GcG,SNAP,E,4.2,0.983863143
GcG,SNAP,E,4.4,0.991067464
GcG,SNAP,E,4.6,0.995993034
GcG,SNAP,E,4.8,0.993944739
GcG,SNAP,E,5,0.987097978
GcG,SNAP,E,5.2,0.981123251
GcG,SNAP,E,5.4,0.982964044
GcG,SNAP,E,5.6,0.985598073
GcG,SNAP,E,5.8,0.9739975
GcG,SNAP,E,6,0.987677773
GcG,SNAP,E,6.2,0.97993614
GcG,SNAP,E,6.4,0.972226939
GcG,SNAP,E,6.6,0.974461838
GcG,SNAP,E,6.8,0.991927506
GcG,SNAP,E,7,0.967014955
GcG,SNAP,E,7.2,0.987511497
GcG,SNAP,E,7.4,0.987683026
GcG,SNAP,E,7.6,0.981630072
GcG,SNAP,E,7.8,0.987306165
GcG,SNAP,E,8,0.977606798
GcG,SNAP,E,8.2,0.97449724
GcG,SNAP,E,8.4,0.99452636
GcG,SNAP,E,8.6,0.994938509
GcG,SNAP,E,8.8,0.991969189
GcG,SNAP,E,9,1.009418298
GcG,SNAP,E,9.2,0.992308021
GcG,SNAP,E,9.4,0.984240118
GcG,SNAP,E,9.6,0.987252834
GcG,SNAP,E,9.8,1.008909079
GcG,SNAP,E,10,1.0191863
GcG,SNAP,F,0.2,1.003266139
GcG,SNAP,F,0.4,0.999150144
GcG,SNAP,F,0.6,0.99920074
GcG,SNAP,F,0.8,1.005182529
GcG,SNAP,F,1,1.004386099
GcG,SNAP,F,1.2,0.998986886
GcG,SNAP,F,1.4,0.998953732
GcG,SNAP,F,1.6,0.998571467
GcG,SNAP,F,1.8,0.997294588
GcG,SNAP,F,2,0.995007676
GcG,SNAP,F,2.2,0.986791076
GcG,SNAP,F,2.4,0.994854291
GcG,SNAP,F,2.6,0.99414576
GcG,SNAP,F,2.8,0.998360896
GcG,SNAP,F,3,0.997350155
GcG,SNAP,F,3.2,0.991807727
GcG,SNAP,F,3.4,0.993132967
GcG,SNAP,F,3.6,0.988648661
GcG,SNAP,F,3.8,0.9862531
GcG,SNAP,F,4,0.985767772
GcG,SNAP,F,4.2,0.985214564
GcG,SNAP,F,4.4,0.988077554
GcG,SNAP,F,4.6,0.986385986
GcG,SNAP,F,4.8,0.98217858
GcG,SNAP,F,5,0.982721276
GcG,SNAP,F,5.2,0.983062225
GcG,SNAP,F,5.4,0.984287276
GcG,SNAP,F,5.6,0.984541033
GcG,SNAP,F,5.8,0.979973182
GcG,SNAP,F,6,0.974178069
GcG,SNAP,F,6.2,0.970644649
GcG,SNAP,F,6.4,0.975755196
GcG,SNAP,F,6.6,0.972607873
GcG,SNAP,F,6.8,0.973959928
GcG,SNAP,F,7,0.971973447
GcG,SNAP,F,7.2,0.970513541
GcG,SNAP,F,7.4,0.969558915
GcG,SNAP,F,7.6,0.968130338
GcG,SNAP,F,7.8,0.9627542
GcG,SNAP,F,8,0.96787437
GcG,SNAP,F,8.2,0.963448138
GcG,SNAP,F,8.4,0.959648034
GcG,SNAP,F,8.6,0.957994225
GcG,SNAP,F,8.8,0.956343973
GcG,SNAP,F,9,0.952934365
GcG,SNAP,F,9.2,0.951826171
GcG,SNAP,F,9.4,0.947442875
GcG,SNAP,F,9.6,0.948498877
GcG,SNAP,F,9.8,0.949123407
GcG,SNAP,F,10,0.944907815
GcG-NIT1,SNAP,A,0.2,1.007991861
GcG-NIT1,SNAP,A,0.4,1.007168117
GcG-NIT1,SNAP,A,0.6,1.003576442
GcG-NIT1,SNAP,A,0.8,1.003010289
GcG-NIT1,SNAP,A,1,0.99671773
GcG-NIT1,SNAP,A,1.2,0.997290838
GcG-NIT1,SNAP,A,1.4,0.997890059
GcG-NIT1,SNAP,A,1.6,1.001477515
GcG-NIT1,SNAP,A,1.8,0.992816466
GcG-NIT1,SNAP,A,2,0.992060684
GcG-NIT1,SNAP,A,2.2,1.031109924
GcG-NIT1,SNAP,A,2.4,1.044512172
GcG-NIT1,SNAP,A,2.6,1.063177072
GcG-NIT1,SNAP,A,2.8,1.071851919
GcG-NIT1,SNAP,A,3,1.080224248
GcG-NIT1,SNAP,A,3.2,1.09324393
GcG-NIT1,SNAP,A,3.4,1.101952643
GcG-NIT1,SNAP,A,3.6,1.105629613
GcG-NIT1,SNAP,A,3.8,1.107584064
GcG-NIT1,SNAP,A,4,1.120973541
GcG-NIT1,SNAP,A,4.2,1.126517388
GcG-NIT1,SNAP,A,4.4,1.131038512
GcG-NIT1,SNAP,A,4.6,1.125185077
GcG-NIT1,SNAP,A,4.8,1.12205077
GcG-NIT1,SNAP,A,5,1.127276705
GcG-NIT1,SNAP,A,5.2,1.119878182
GcG-NIT1,SNAP,A,5.4,1.123133587
GcG-NIT1,SNAP,A,5.6,1.118879176
GcG-NIT1,SNAP,A,5.8,1.11836981
GcG-NIT1,SNAP,A,6,1.120041813
GcG-NIT1,SNAP,A,6.2,1.109243068
GcG-NIT1,SNAP,A,6.4,1.107012895
GcG-NIT1,SNAP,A,6.6,1.109231893
GcG-NIT1,SNAP,A,6.8,1.102621536
GcG-NIT1,SNAP,A,7,1.094399839
GcG-NIT1,SNAP,A,7.2,1.098115806
GcG-NIT1,SNAP,A,7.4,1.094720602
GcG-NIT1,SNAP,A,7.6,1.087085468
GcG-NIT1,SNAP,A,7.8,1.093800846
GcG-NIT1,SNAP,A,8,1.085833661
GcG-NIT1,SNAP,A,8.2,1.080547405
GcG-NIT1,SNAP,A,8.4,1.079349762
GcG-NIT1,SNAP,A,8.6,1.068410989
GcG-NIT1,SNAP,A,8.8,1.071557839
GcG-NIT1,SNAP,A,9,1.064650323
GcG-NIT1,SNAP,A,9.2,1.074840725
GcG-NIT1,SNAP,A,9.4,1.054669734
GcG-NIT1,SNAP,A,9.6,1.066125968
GcG-NIT1,SNAP,A,9.8,1.060948268
GcG-NIT1,SNAP,A,10,1.063253472
GcG-NIT1,SNAP,B,0.2,1.009725399
GcG-NIT1,SNAP,B,0.4,0.991030041
GcG-NIT1,SNAP,B,0.6,1.005208771
GcG-NIT1,SNAP,B,0.8,1.019878374
GcG-NIT1,SNAP,B,1,0.98083569
GcG-NIT1,SNAP,B,1.2,1.010420622
GcG-NIT1,SNAP,B,1.4,1.00648936
GcG-NIT1,SNAP,B,1.6,0.986624936
GcG-NIT1,SNAP,B,1.8,0.999776846
GcG-NIT1,SNAP,B,2,0.990009961
GcG-NIT1,SNAP,B,2.2,1.016219868
GcG-NIT1,SNAP,B,2.4,1.024044637
GcG-NIT1,SNAP,B,2.6,1.01152034
GcG-NIT1,SNAP,B,2.8,1.034568629
GcG-NIT1,SNAP,B,3,1.052035934
GcG-NIT1,SNAP,B,3.2,1.049278594
GcG-NIT1,SNAP,B,3.4,1.061529338
GcG-NIT1,SNAP,B,3.6,1.065477049
GcG-NIT1,SNAP,B,3.8,1.070267882
GcG-NIT1,SNAP,B,4,1.077891273
GcG-NIT1,SNAP,B,4.2,1.066694812
GcG-NIT1,SNAP,B,4.4,1.089557809
GcG-NIT1,SNAP,B,4.6,1.084830383
GcG-NIT1,SNAP,B,4.8,1.097849901
GcG-NIT1,SNAP,B,5,1.088661353
GcG-NIT1,SNAP,B,5.2,1.078459538
GcG-NIT1,SNAP,B,5.4,1.07795678
GcG-NIT1,SNAP,B,5.6,1.08717569
GcG-NIT1,SNAP,B,5.8,1.089041791
GcG-NIT1,SNAP,B,6,1.082187102
GcG-NIT1,SNAP,B,6.2,1.060235705
GcG-NIT1,SNAP,B,6.4,1.059015914
GcG-NIT1,SNAP,B,6.6,1.063157756
GcG-NIT1,SNAP,B,6.8,1.06373892
GcG-NIT1,SNAP,B,7,1.048614459
GcG-NIT1,SNAP,B,7.2,1.044480152
GcG-NIT1,SNAP,B,7.4,1.041501869
GcG-NIT1,SNAP,B,7.6,1.030732441
GcG-NIT1,SNAP,B,7.8,1.046143353
GcG-NIT1,SNAP,B,8,1.057871775
GcG-NIT1,SNAP,B,8.2,1.053435002
GcG-NIT1,SNAP,B,8.4,1.058422431
GcG-NIT1,SNAP,B,8.6,1.044269354
GcG-NIT1,SNAP,B,8.8,1.06595785
GcG-NIT1,SNAP,B,9,1.058303082
GcG-NIT1,SNAP,B,9.2,1.060826145
GcG-NIT1,SNAP,B,9.4,1.016343202
GcG-NIT1,SNAP,B,9.6,1.028010319
GcG-NIT1,SNAP,B,9.8,1.028969456
GcG-NIT1,SNAP,B,10,1.021632735
GcG-NIT1,SNAP,C,0.2,1.019415062
GcG-NIT1,SNAP,C,0.4,1.01240615
GcG-NIT1,SNAP,C,0.6,1.010179644
GcG-NIT1,SNAP,C,0.8,1.001796411
GcG-NIT1,SNAP,C,1,0.995786571
GcG-NIT1,SNAP,C,1.2,0.997809252
GcG-NIT1,SNAP,C,1.4,0.991734115
GcG-NIT1,SNAP,C,1.6,0.993499562
GcG-NIT1,SNAP,C,1.8,0.991454106
GcG-NIT1,SNAP,C,2,0.985919128
GcG-NIT1,SNAP,C,2.2,1.030963714
GcG-NIT1,SNAP,C,2.4,1.031542521
GcG-NIT1,SNAP,C,2.6,1.043206505
GcG-NIT1,SNAP,C,2.8,1.035894809
GcG-NIT1,SNAP,C,3,1.038870283
GcG-NIT1,SNAP,C,3.2,1.040865012
GcG-NIT1,SNAP,C,3.4,1.051777652
GcG-NIT1,SNAP,C,3.6,1.052345531
GcG-NIT1,SNAP,C,3.8,1.05030736
GcG-NIT1,SNAP,C,4,1.046655385
GcG-NIT1,SNAP,C,4.2,1.042708407
GcG-NIT1,SNAP,C,4.4,1.045280219
GcG-NIT1,SNAP,C,4.6,1.044189511
GcG-NIT1,SNAP,C,4.8,1.049476111
GcG-NIT1,SNAP,C,5,1.040112709
GcG-NIT1,SNAP,C,5.2,1.055129488
GcG-NIT1,SNAP,C,5.4,1.055280938
GcG-NIT1,SNAP,C,5.6,1.055342016
GcG-NIT1,SNAP,C,5.8,1.041557503
GcG-NIT1,SNAP,C,6,1.031892505
GcG-NIT1,SNAP,C,6.2,1.030302395
GcG-NIT1,SNAP,C,6.4,1.03467903
GcG-NIT1,SNAP,C,6.6,1.031580709
GcG-NIT1,SNAP,C,6.8,1.030339242
GcG-NIT1,SNAP,C,7,1.019608112
GcG-NIT1,SNAP,C,7.2,1.026178624
GcG-NIT1,SNAP,C,7.4,1.030130739
GcG-NIT1,SNAP,C,7.6,1.02060381
GcG-NIT1,SNAP,C,7.8,1.024522759
GcG-NIT1,SNAP,C,8,1.021192931
GcG-NIT1,SNAP,C,8.2,1.01788235
GcG-NIT1,SNAP,C,8.4,1.018446396
GcG-NIT1,SNAP,C,8.6,1.015806374
GcG-NIT1,SNAP,C,8.8,1.01499188
GcG-NIT1,SNAP,C,9,1.024223885
GcG-NIT1,SNAP,C,9.2,1.016461098
GcG-NIT1,SNAP,C,9.4,1.013267498
GcG-NIT1,SNAP,C,9.6,1.010792269
GcG-NIT1,SNAP,C,9.8,1.010587677
GcG-NIT1,SNAP,C,10,1.008591874
GcG-NIT1,SNAP,D,0.2,0.982679128
GcG-NIT1,SNAP,D,0.4,0.994882073
GcG-NIT1,SNAP,D,0.6,0.999726283
GcG-NIT1,SNAP,D,0.8,1.012616542
GcG-NIT1,SNAP,D,1,0.994776536
GcG-NIT1,SNAP,D,1.2,0.997840604
GcG-NIT1,SNAP,D,1.4,0.993786073
GcG-NIT1,SNAP,D,1.6,1.014416661
GcG-NIT1,SNAP,D,1.8,1.007506991
GcG-NIT1,SNAP,D,2,1.001769109
GcG-NIT1,SNAP,D,2.2,1.049271415
GcG-NIT1,SNAP,D,2.4,1.071817431
GcG-NIT1,SNAP,D,2.6,1.049681643
GcG-NIT1,SNAP,D,2.8,1.0668051
GcG-NIT1,SNAP,D,3,1.063494724
GcG-NIT1,SNAP,D,3.2,1.065227114
GcG-NIT1,SNAP,D,3.4,1.074776134
GcG-NIT1,SNAP,D,3.6,1.072336368
GcG-NIT1,SNAP,D,3.8,1.040199666
GcG-NIT1,SNAP,D,4,1.063322574
GcG-NIT1,SNAP,D,4.2,1.06444918
GcG-NIT1,SNAP,D,4.4,1.061812316
GcG-NIT1,SNAP,D,4.6,1.053584257
GcG-NIT1,SNAP,D,4.8,1.051854868
GcG-NIT1,SNAP,D,5,1.043038858
GcG-NIT1,SNAP,D,5.2,1.030116449
GcG-NIT1,SNAP,D,5.4,1.043783442
GcG-NIT1,SNAP,D,5.6,1.030886924
GcG-NIT1,SNAP,D,5.8,1.008895681
GcG-NIT1,SNAP,D,6,1.046478776
GcG-NIT1,SNAP,D,6.2,1.034861296
GcG-NIT1,SNAP,D,6.4,1.032116752
GcG-NIT1,SNAP,D,6.6,1.013096128
GcG-NIT1,SNAP,D,6.8,1.021572039
GcG-NIT1,SNAP,D,7,1.009734913
GcG-NIT1,SNAP,D,7.2,1.036572853
GcG-NIT1,SNAP,D,7.4,1.01504885
GcG-NIT1,SNAP,D,7.6,1.026096211
GcG-NIT1,SNAP,D,7.8,1.016136877
GcG-NIT1,SNAP,D,8,1.014972291
GcG-NIT1,SNAP,D,8.2,1.014989609
GcG-NIT1,SNAP,D,8.4,1.025680152
GcG-NIT1,SNAP,D,8.6,1.026842938
GcG-NIT1,SNAP,D,8.8,1.011094539
GcG-NIT1,SNAP,D,9,1.018849785
GcG-NIT1,SNAP,D,9.2,1.005866763
GcG-NIT1,SNAP,D,9.4,1.012890628
GcG-NIT1,SNAP,D,9.6,1.011463188
GcG-NIT1,SNAP,D,9.8,1.017765102
GcG-NIT1,SNAP,D,10,1.011401461
GcG-NIT1,SNAP,E,0.2,1.00488389
GcG-NIT1,SNAP,E,0.4,1.000868497
GcG-NIT1,SNAP,E,0.6,1.009587518
GcG-NIT1,SNAP,E,0.8,0.994114178
GcG-NIT1,SNAP,E,1,1.007413702
GcG-NIT1,SNAP,E,1.2,0.992644828
GcG-NIT1,SNAP,E,1.4,1.009320126
GcG-NIT1,SNAP,E,1.6,0.999217746
GcG-NIT1,SNAP,E,1.8,0.997390739
GcG-NIT1,SNAP,E,2,0.984558775
GcG-NIT1,SNAP,E,2.2,1.037807388
GcG-NIT1,SNAP,E,2.4,1.044235564
GcG-NIT1,SNAP,E,2.6,1.055405374
GcG-NIT1,SNAP,E,2.8,1.059380148
GcG-NIT1,SNAP,E,3,1.04710395
GcG-NIT1,SNAP,E,3.2,1.068753911
GcG-NIT1,SNAP,E,3.4,1.066110159
GcG-NIT1,SNAP,E,3.6,1.070766596
GcG-NIT1,SNAP,E,3.8,1.048583514
GcG-NIT1,SNAP,E,4,1.059654032
GcG-NIT1,SNAP,E,4.2,1.074029221
GcG-NIT1,SNAP,E,4.4,1.052230085
GcG-NIT1,SNAP,E,4.6,1.062127705
GcG-NIT1,SNAP,E,4.8,1.066348254
GcG-NIT1,SNAP,E,5,1.074507074
GcG-NIT1,SNAP,E,5.2,1.062109177
GcG-NIT1,SNAP,E,5.4,1.067926001
GcG-NIT1,SNAP,E,5.6,1.078309235
GcG-NIT1,SNAP,E,5.8,1.058901819
GcG-NIT1,SNAP,E,6,1.055903814
GcG-NIT1,SNAP,E,6.2,1.053335996
GcG-NIT1,SNAP,E,6.4,1.078605527
GcG-NIT1,SNAP,E,6.6,1.050401573
GcG-NIT1,SNAP,E,6.8,1.03590706
GcG-NIT1,SNAP,E,7,1.067724408
GcG-NIT1,SNAP,E,7.2,1.048172172
GcG-NIT1,SNAP,E,7.4,1.031267013
GcG-NIT1,SNAP,E,7.6,1.045958844
GcG-NIT1,SNAP,E,7.8,1.054762509
GcG-NIT1,SNAP,E,8,1.071177858
GcG-NIT1,SNAP,E,8.2,1.034388144
GcG-NIT1,SNAP,E,8.4,1.072664469
GcG-NIT1,SNAP,E,8.6,1.054905113
GcG-NIT1,SNAP,E,8.8,1.060501183
GcG-NIT1,SNAP,E,9,1.041334159
GcG-NIT1,SNAP,E,9.2,1.069246096
GcG-NIT1,SNAP,E,9.4,1.032761463
GcG-NIT1,SNAP,E,9.6,1.065916325
GcG-NIT1,SNAP,E,9.8,1.058281679
GcG-NIT1,SNAP,E,10,1.061775273
GcG-NIT1,SNAP,F,0.2,1.000145146
GcG-NIT1,SNAP,F,0.4,1.000145146
GcG-NIT1,SNAP,F,0.6,1.00822011
GcG-NIT1,SNAP,F,0.8,1.006727759
GcG-NIT1,SNAP,F,1,0.998041123
GcG-NIT1,SNAP,F,1.2,0.993876957
GcG-NIT1,SNAP,F,1.4,1.005781966
GcG-NIT1,SNAP,F,1.6,0.999446397
GcG-NIT1,SNAP,F,1.8,0.995964958
GcG-NIT1,SNAP,F,2,0.991650437
GcG-NIT1,SNAP,F,2.2,1.03525555
GcG-NIT1,SNAP,F,2.4,1.048054952
GcG-NIT1,SNAP,F,2.6,1.060526343
GcG-NIT1,SNAP,F,2.8,1.052889154
GcG-NIT1,SNAP,F,3,1.05568133
GcG-NIT1,SNAP,F,3.2,1.048823388
GcG-NIT1,SNAP,F,3.4,1.04483346
GcG-NIT1,SNAP,F,3.6,1.038146509
GcG-NIT1,SNAP,F,3.8,1.034815595
GcG-NIT1,SNAP,F,4,1.026157415
GcG-NIT1,SNAP,F,4.2,1.01848549
GcG-NIT1,SNAP,F,4.4,1.020288334
GcG-NIT1,SNAP,F,4.6,1.019257002
GcG-NIT1,SNAP,F,4.8,1.015375899
GcG-NIT1,SNAP,F,5,1.006477767
GcG-NIT1,SNAP,F,5.2,0.995093508
GcG-NIT1,SNAP,F,5.4,0.999111208
GcG-NIT1,SNAP,F,5.6,0.993762536
GcG-NIT1,SNAP,F,5.8,0.995369863
GcG-NIT1,SNAP,F,6,0.995756752
GcG-NIT1,SNAP,F,6.2,1.002042373
GcG-NIT1,SNAP,F,6.4,0.988701883
GcG-NIT1,SNAP,F,6.6,0.99204147
GcG-NIT1,SNAP,F,6.8,0.975527684
GcG-NIT1,SNAP,F,7,0.973486255
GcG-NIT1,SNAP,F,7.2,0.977080108
GcG-NIT1,SNAP,F,7.4,0.982747135
GcG-NIT1,SNAP,F,7.6,0.98134968
GcG-NIT1,SNAP,F,7.8,0.981408087
GcG-NIT1,SNAP,F,8,0.98474024
GcG-NIT1,SNAP,F,8.2,0.975567078
GcG-NIT1,SNAP,F,8.4,0.981793865
GcG-NIT1,SNAP,F,8.6,0.970826745
GcG-NIT1,SNAP,F,8.8,0.972776013
GcG-NIT1,SNAP,F,9,0.978865092
GcG-NIT1,SNAP,F,9.2,0.981913883
GcG-NIT1,SNAP,F,9.4,0.988075
GcG-NIT1,SNAP,F,9.6,0.979560167
GcG-NIT1,SNAP,F,9.8,0.976195883
GcG-NIT1,SNAP,F,10,0.981518834
GcG-mutNIT1,SNAP,A,0.26345,1.008682041
GcG-mutNIT1,SNAP,A,0.5266,0.993883444
GcG-mutNIT1,SNAP,A,0.78975,0.997438285
GcG-mutNIT1,SNAP,A,1.0529,0.993061888
GcG-mutNIT1,SNAP,A,1.31605,0.991134794
GcG-mutNIT1,SNAP,A,1.5792,0.996952613
GcG-mutNIT1,SNAP,A,1.84235,1.002575914
GcG-mutNIT1,SNAP,A,2.1055,1.016271021
GcG-mutNIT1,SNAP,A,2.36865,1.001621757
GcG-mutNIT1,SNAP,A,2.6318,0.987659855
GcG-mutNIT1,SNAP,A,2.89495,0.972525829
GcG-mutNIT1,SNAP,A,3.1581,0.966730546
GcG-mutNIT1,SNAP,A,3.42125,0.967402884
GcG-mutNIT1,SNAP,A,3.6844,0.957337284
GcG-mutNIT1,SNAP,A,3.94755,0.958964689
GcG-mutNIT1,SNAP,A,4.2107,0.958951144
GcG-mutNIT1,SNAP,A,4.47385,0.950682998
GcG-mutNIT1,SNAP,A,4.737,0.957827736
GcG-mutNIT1,SNAP,A,5.00015,0.948636961
GcG-mutNIT1,SNAP,A,5.2633,0.947631243
GcG-mutNIT1,SNAP,A,5.52645,0.960661638
GcG-mutNIT1,SNAP,A,5.7896,0.962430409
GcG-mutNIT1,SNAP,A,6.05275,0.951944015
GcG-mutNIT1,SNAP,A,6.3159,0.954555853
GcG-mutNIT1,SNAP,A,6.57905,0.954802616
GcG-mutNIT1,SNAP,A,6.8422,0.956153209
GcG-mutNIT1,SNAP,A,7.10535,0.957074814
GcG-mutNIT1,SNAP,A,7.3685,0.955142028
GcG-mutNIT1,SNAP,A,7.63165,0.962293938
GcG-mutNIT1,SNAP,A,7.8948,0.965371074
GcG-mutNIT1,SNAP,A,8.15795,0.96609133
GcG-mutNIT1,SNAP,A,8.4211,0.978737354
GcG-mutNIT1,SNAP,A,8.68425,0.970970586
GcG-mutNIT1,SNAP,A,8.9474,0.988931457
GcG-mutNIT1,SNAP,A,9.21055,0.97961252
GcG-mutNIT1,SNAP,A,9.4737,0.985579672
GcG-mutNIT1,SNAP,A,9.73685,0.993408927
GcG-mutNIT1,SNAP,A,10,0.99768539
GcG-mutNIT1,SNAP,B,0.26345,1.004719501
GcG-mutNIT1,SNAP,B,0.5266,1.00505201
GcG-mutNIT1,SNAP,B,0.78975,0.993125849
GcG-mutNIT1,SNAP,B,1.0529,1.021425437
GcG-mutNIT1,SNAP,B,1.31605,1.009909648
GcG-mutNIT1,SNAP,B,1.5792,0.974605854
GcG-mutNIT1,SNAP,B,1.84235,0.997139067
GcG-mutNIT1,SNAP,B,2.1055,0.994022634
GcG-mutNIT1,SNAP,B,2.36865,1.017471413
GcG-mutNIT1,SNAP,B,2.6318,1.013064216
GcG-mutNIT1,SNAP,B,2.89495,0.968146457
GcG-mutNIT1,SNAP,B,3.1581,0.983067363
GcG-mutNIT1,SNAP,B,3.42125,0.961218748
GcG-mutNIT1,SNAP,B,3.6844,1.0103034
GcG-mutNIT1,SNAP,B,3.94755,0.983798746
GcG-mutNIT1,SNAP,B,4.2107,0.976590095
GcG-mutNIT1,SNAP,B,4.47385,0.984374177
GcG-mutNIT1,SNAP,B,4.737,0.9850705
GcG-mutNIT1,SNAP,B,5.00015,1.017856058
GcG-mutNIT1,SNAP,B,5.2633,1.00041612
GcG-mutNIT1,SNAP,B,5.52645,1.018784033
GcG-mutNIT1,SNAP,B,5.7896,1.003055931
GcG-mutNIT1,SNAP,B,6.05275,1.018225905
GcG-mutNIT1,SNAP,B,6.3159,1.007415773
GcG-mutNIT1,SNAP,B,6.57905,0.997908016
GcG-mutNIT1,SNAP,B,6.8422,1.001663855
GcG-mutNIT1,SNAP,B,7.10535,1.022359218
GcG-mutNIT1,SNAP,B,7.3685,1.007850277
GcG-mutNIT1,SNAP,B,7.63165,0.983062241
GcG-mutNIT1,SNAP,B,7.8948,0.997375045
GcG-mutNIT1,SNAP,B,8.15795,1.026176072
GcG-mutNIT1,SNAP,B,8.4211,0.985208922
GcG-mutNIT1,SNAP,B,8.68425,0.973525456
GcG-mutNIT1,SNAP,B,8.9474,0.980427097
GcG-mutNIT1,SNAP,B,9.21055,0.994259067
GcG-mutNIT1,SNAP,B,9.4737,1.004016234
GcG-mutNIT1,SNAP,B,9.73685,1.009233247
GcG-mutNIT1,SNAP,B,10,1.005659542
GcG-mutNIT1,SNAP,C,0.26345,0.997430137
GcG-mutNIT1,SNAP,C,0.5266,0.98918848
GcG-mutNIT1,SNAP,C,0.78975,1.004638734
GcG-mutNIT1,SNAP,C,1.0529,1.000116418
GcG-mutNIT1,SNAP,C,1.31605,0.9975161
GcG-mutNIT1,SNAP,C,1.5792,0.990369253
GcG-mutNIT1,SNAP,C,1.84235,1.013421076
GcG-mutNIT1,SNAP,C,2.1055,1.007319801
GcG-mutNIT1,SNAP,C,2.36865,1.011305371
GcG-mutNIT1,SNAP,C,2.6318,1.009782601
GcG-mutNIT1,SNAP,C,2.89495,1.002818338
GcG-mutNIT1,SNAP,C,3.1581,1.009542323
GcG-mutNIT1,SNAP,C,3.42125,0.988521631
GcG-mutNIT1,SNAP,C,3.6844,0.994389695
GcG-mutNIT1,SNAP,C,3.94755,0.988082086
GcG-mutNIT1,SNAP,C,4.2107,0.982896743
GcG-mutNIT1,SNAP,C,4.47385,0.982823524
GcG-mutNIT1,SNAP,C,4.737,0.992527012
GcG-mutNIT1,SNAP,C,5.00015,0.974573757
GcG-mutNIT1,SNAP,C,5.2633,0.980958177
GcG-mutNIT1,SNAP,C,5.52645,0.981664532
GcG-mutNIT1,SNAP,C,5.7896,0.981612977
GcG-mutNIT1,SNAP,C,6.05275,0.97803127
GcG-mutNIT1,SNAP,C,6.3159,1.000059418
GcG-mutNIT1,SNAP,C,6.57905,0.980624173
GcG-mutNIT1,SNAP,C,6.8422,0.99008831
GcG-mutNIT1,SNAP,C,7.10535,0.989034744
GcG-mutNIT1,SNAP,C,7.3685,0.987564802
GcG-mutNIT1,SNAP,C,7.63165,0.990614513
GcG-mutNIT1,SNAP,C,7.8948,0.990552995
GcG-mutNIT1,SNAP,C,8.15795,0.997130658
GcG-mutNIT1,SNAP,C,8.4211,0.987944452
GcG-mutNIT1,SNAP,C,8.68425,0.999537501
GcG-mutNIT1,SNAP,C,8.9474,0.990684025
GcG-mutNIT1,SNAP,C,9.21055,1.009632919
GcG-mutNIT1,SNAP,C,9.4737,1.001051582
GcG-mutNIT1,SNAP,C,9.73685,0.99834607
GcG-mutNIT1,SNAP,C,10,1.005326321
GcG-mutNIT1,SNAP,D,0.26345,0.986524367
GcG-mutNIT1,SNAP,D,0.5266,0.990250489
GcG-mutNIT1,SNAP,D,0.78975,0.983623883
GcG-mutNIT1,SNAP,D,1.0529,0.974894533
GcG-mutNIT1,SNAP,D,1.31605,0.984560992
GcG-mutNIT1,SNAP,D,1.5792,1.026481607
GcG-mutNIT1,SNAP,D,1.84235,1.016080408
GcG-mutNIT1,SNAP,D,2.1055,1.037583721
GcG-mutNIT1,SNAP,D,2.36865,1.020972048
GcG-mutNIT1,SNAP,D,2.6318,1.015248959
GcG-mutNIT1,SNAP,D,2.89495,1.02639966
GcG-mutNIT1,SNAP,D,3.1581,1.004852525
GcG-mutNIT1,SNAP,D,3.42125,0.997615205
GcG-mutNIT1,SNAP,D,3.6844,0.990339062
GcG-mutNIT1,SNAP,D,3.94755,1.010545276
GcG-mutNIT1,SNAP,D,4.2107,1.016023452
GcG-mutNIT1,SNAP,D,4.47385,0.992631622
GcG-mutNIT1,SNAP,D,4.737,0.997591144
GcG-mutNIT1,SNAP,D,5.00015,1.009121594
GcG-mutNIT1,SNAP,D,5.2633,1.020785951
GcG-mutNIT1,SNAP,D,5.52645,1.004533685
GcG-mutNIT1,SNAP,D,5.7896,1.006177986
GcG-mutNIT1,SNAP,D,6.05275,1.007684545
GcG-mutNIT1,SNAP,D,6.3159,1.012562468
GcG-mutNIT1,SNAP,D,6.57905,1.009605493
GcG-mutNIT1,SNAP,D,6.8422,1.006083949
GcG-mutNIT1,SNAP,D,7.10535,1.021866266
GcG-mutNIT1,SNAP,D,7.3685,1.016496075
GcG-mutNIT1,SNAP,D,7.63165,1.008930499
GcG-mutNIT1,SNAP,D,7.8948,1.021058529
GcG-mutNIT1,SNAP,D,8.15795,1.01704867
GcG-mutNIT1,SNAP,D,8.4211,0.996983452
GcG-mutNIT1,SNAP,D,8.68425,1.011350456
GcG-mutNIT1,SNAP,D,8.9474,1.014971731
GcG-mutNIT1,SNAP,D,9.21055,1.022581129
GcG-mutNIT1,SNAP,D,9.4737,1.020924971
GcG-mutNIT1,SNAP,D,9.73685,1.015836657
GcG-mutNIT1,SNAP,D,10,0.998117353
GcG-mutNIT1,SNAP,E,0.26345,1.009259415
GcG-mutNIT1,SNAP,E,0.5266,0.996798102
GcG-mutNIT1,SNAP,E,0.78975,1.009834262
GcG-mutNIT1,SNAP,E,1.0529,1.004638139
GcG-mutNIT1,SNAP,E,1.31605,0.992600761
GcG-mutNIT1,SNAP,E,1.5792,0.99135516
GcG-mutNIT1,SNAP,E,1.84235,1.009089201
GcG-mutNIT1,SNAP,E,2.1055,0.986424959
GcG-mutNIT1,SNAP,E,2.36865,1.043590505
GcG-mutNIT1,SNAP,E,2.6318,1.011465294
GcG-mutNIT1,SNAP,E,2.89495,1.004060392
GcG-mutNIT1,SNAP,E,3.1581,0.997568665
GcG-mutNIT1,SNAP,E,3.42125,0.990453887
GcG-mutNIT1,SNAP,E,3.6844,0.988269709
GcG-mutNIT1,SNAP,E,3.94755,0.985752605
GcG-mutNIT1,SNAP,E,4.2107,0.986781988
GcG-mutNIT1,SNAP,E,4.47385,0.984067168
GcG-mutNIT1,SNAP,E,4.737,0.978809741
GcG-mutNIT1,SNAP,E,5.00015,0.981101627
GcG-mutNIT1,SNAP,E,5.2633,0.981565164
GcG-mutNIT1,SNAP,E,5.52645,0.984165776
GcG-mutNIT1,SNAP,E,5.7896,0.976930288
GcG-mutNIT1,SNAP,E,6.05275,0.986855394
GcG-mutNIT1,SNAP,E,6.3159,0.978001875
GcG-mutNIT1,SNAP,E,6.57905,0.97289946
GcG-mutNIT1,SNAP,E,6.8422,0.983757043
GcG-mutNIT1,SNAP,E,7.10535,0.968334489
GcG-mutNIT1,SNAP,E,7.3685,0.967951258
GcG-mutNIT1,SNAP,E,7.63165,0.969388275
GcG-mutNIT1,SNAP,E,7.8948,0.979830523
GcG-mutNIT1,SNAP,E,8.15795,0.97695989
GcG-mutNIT1,SNAP,E,8.4211,0.973944545
GcG-mutNIT1,SNAP,E,8.68425,0.982630751
GcG-mutNIT1,SNAP,E,8.9474,0.969161356
GcG-mutNIT1,SNAP,E,9.21055,0.976639664
GcG-mutNIT1,SNAP,E,9.4737,0.977583941
GcG-mutNIT1,SNAP,E,9.73685,0.973346797
GcG-mutNIT1,SNAP,E,10,0.974721308
GcG-mutNIT1,SNAP,F,0.26345,0.997575918
GcG-mutNIT1,SNAP,F,0.5266,0.992199424
GcG-mutNIT1,SNAP,F,0.78975,0.997067218
GcG-mutNIT1,SNAP,F,1.0529,0.995665203
GcG-mutNIT1,SNAP,F,1.31605,1.002442882
GcG-mutNIT1,SNAP,F,1.5792,0.996931598
GcG-mutNIT1,SNAP,F,1.84235,1.01689753
GcG-mutNIT1,SNAP,F,2.1055,1.001220227
GcG-mutNIT1,SNAP,F,2.36865,1.023390938
GcG-mutNIT1,SNAP,F,2.6318,1.001303309
GcG-mutNIT1,SNAP,F,2.89495,0.991114796
GcG-mutNIT1,SNAP,F,3.1581,0.983280295
GcG-mutNIT1,SNAP,F,3.42125,0.979725541
GcG-mutNIT1,SNAP,F,3.6844,0.971689767
GcG-mutNIT1,SNAP,F,3.94755,0.969393856
GcG-mutNIT1,SNAP,F,4.2107,0.965288322
GcG-mutNIT1,SNAP,F,4.47385,0.976610349
GcG-mutNIT1,SNAP,F,4.737,0.970475413
GcG-mutNIT1,SNAP,F,5.00015,0.967082091
GcG-mutNIT1,SNAP,F,5.2633,0.970181597
GcG-mutNIT1,SNAP,F,5.52645,0.973085474
GcG-mutNIT1,SNAP,F,5.7896,0.973218438
GcG-mutNIT1,SNAP,F,6.05275,0.975501568
GcG-mutNIT1,SNAP,F,6.3159,0.960915699
GcG-mutNIT1,SNAP,F,6.57905,0.961389954
GcG-mutNIT1,SNAP,F,6.8422,0.970050044
GcG-mutNIT1,SNAP,F,7.10535,0.968418454
GcG-mutNIT1,SNAP,F,7.3685,0.975777041
GcG-mutNIT1,SNAP,F,7.63165,0.979743718
GcG-mutNIT1,SNAP,F,7.8948,0.980141116
GcG-mutNIT1,SNAP,F,8.15795,0.981546783
GcG-mutNIT1,SNAP,F,8.4211,0.986419308
GcG-mutNIT1,SNAP,F,8.68425,0.987074085
GcG-mutNIT1,SNAP,F,8.9474,0.993150092
GcG-mutNIT1,SNAP,F,9.21055,0.991704503
GcG-mutNIT1,SNAP,F,9.4737,0.990322158
GcG-mutNIT1,SNAP,F,9.73685,0.994877794
GcG-mutNIT1,SNAP,F,10,0.999129405
